cell,x,y,Cluster
cell_1,1802.4937,1145.6134,Class1
cell_10,859.96674,866.19885,Class0
cell_100,993.6204,870.1706,Class0
cell_1000,1004.4775,766.2529,Class2
cell_1001,362.02155,781.8196,Class10
cell_1002,1345.5415,964.6761,Class3
cell_1003,968.47955,556.29095,Class6
cell_1004,1776.6215,1105.8269,Class1
cell_1005,1823.33,1099.6571,Class1
cell_1006,1804.3743,1138.714,Class1
cell_1007,1044.5876,970.51697,Class0
cell_1008,959.2392,851.95996,Class0
cell_1009,1189.1796,819.3659,Class2
cell_101,1207.8092,702.2971,Class2
cell_1010,1115.8267,566.3627,Class4
cell_1012,1262.6919,125.55752,Class11
cell_1013,1133.7786,1686.7051,Class7
cell_1014,934.8406,1002.97736,Class0
cell_1015,1117.895,1677.8019,Class7
cell_1016,1782.3191,1118.0344,Class1
cell_1017,1201.4548,713.24274,Class2
cell_1018,904.2698,769.92566,Class2
cell_1019,1255.6501,868.7337,Class3
cell_102,1108.521,805.8738,Class2
cell_1020,1227.5039,692.91943,Class2
cell_1022,1087.7356,760.077,Class2
cell_1023,933.44476,791.55676,Class2
cell_1024,877.1096,891.96454,Class0
cell_1025,774.44415,893.19,Class0
cell_1026,1192.8259,932.212,Class2
cell_1027,919.0684,833.5139,Class0
cell_1029,1262.6075,108.848,Class11
cell_103,963.27124,910.4456,Class0
cell_1030,1014.9899,695.3405,Class2
cell_1031,1123.6792,563.6051,Class4
cell_1032,1781.644,1079.7852,Class1
cell_1033,1002.85266,873.3446,Class0
cell_1034,1143.1387,1676.1257,Class7
cell_1035,755.80286,745.3025,Class8
cell_1036,1178.0071,879.3993,Class2
cell_1037,905.701,488.95477,Class6
cell_1039,906.0167,772.50006,Class2
cell_104,919.78284,793.1355,Class2
cell_1040,1784.5078,1127.1112,Class1
cell_1041,1760.9242,383.34164,Class13
cell_1042,1011.05664,787.6389,Class2
cell_1043,1769.8009,1110.6077,Class1
cell_1044,878.07837,854.891,Class0
cell_1045,1131.9729,1690.8712,Class7
cell_1046,913.3568,855.1512,Class0
cell_1048,1791.4835,1130.2501,Class1
cell_1049,1341.2979,971.4118,Class3
cell_105,863.6163,940.23975,Class0
cell_1050,1026.3878,723.2358,Class2
cell_1052,881.3619,810.4391,Class2
cell_1053,857.74634,914.9663,Class0
cell_1054,1164.1522,847.2765,Class2
cell_1055,1795.3472,1108.6005,Class1
cell_1056,1789.3955,1115.0637,Class1
cell_1057,1059.9368,983.6912,Class0
cell_1058,1066.2446,724.4336,Class4
cell_1059,1156.9075,887.626,Class14
cell_106,802.88525,920.8615,Class0
cell_1060,1279.6982,765.0672,Class3
cell_1061,1759.0906,398.37317,Class13
cell_1062,770.5221,681.7709,Class8
cell_1063,1451.8065,789.67804,Class3
cell_1064,1345.6323,965.2617,Class3
cell_1065,1195.59,821.6894,Class2
cell_1066,1812.968,1101.7522,Class1
cell_1067,1005.0978,1095.6559,Class0
cell_1068,939.5198,419.78455,Class6
cell_1069,1801.6499,1137.5411,Class1
cell_107,1771.6729,1082.8651,Class1
cell_1070,1840.1489,1081.9175,Class1
cell_1071,1273.5437,824.4704,Class3
cell_1072,1789.2323,1128.8246,Class1
cell_1073,1138.5675,887.1214,Class2
cell_1074,1191.71,687.7929,Class2
cell_1075,1263.9241,105.53923,Class11
cell_1076,1125.8274,792.1681,Class5
cell_1078,1790.6311,1082.2412,Class1
cell_1079,1785.4458,1065.8907,Class1
cell_108,757.5968,742.9152,Class8
cell_1080,1788.2107,1099.9133,Class1
cell_1081,817.47925,783.8535,Class9
cell_1082,1205.2612,643.3279,Class4
cell_1084,1409.7047,355.2773,Class14
cell_1085,1158.4506,529.8793,Class4
cell_1086,946.8832,1034.8381,Class0
cell_1087,1131.0314,959.4889,Class2
cell_1088,1351.2635,783.2915,Class3
cell_1089,1268.2583,850.53674,Class3
cell_109,1389.7179,791.09186,Class3
cell_1090,987.7591,948.22845,Class0
cell_1091,908.1002,846.94403,Class0
cell_1092,1343.2933,804.2253,Class3
cell_1093,1795.7435,1105.368,Class1
cell_1094,1803.2719,1127.7169,Class1
cell_1095,1128.4576,622.5698,Class4
cell_1097,1219.6803,902.5794,Class2
cell_1098,989.35297,1003.4502,Class0
cell_1099,1067.9348,776.74207,Class5
cell_11,956.61456,987.17053,Class0
cell_110,971.7781,1072.6376,Class0
cell_1100,1797.0657,1114.241,Class1
cell_1101,364.39838,761.9956,Class10
cell_1102,731.625,817.6164,Class8
cell_1103,1041.0668,860.1761,Class0
cell_1104,1100.7043,871.37506,Class0
cell_1105,937.1009,1101.6699,Class0
cell_1106,1787.56,1141.3756,Class1
cell_1107,1224.9359,689.24084,Class2
cell_1108,1215.9135,634.851,Class4
cell_1109,921.14886,924.59564,Class0
cell_111,1495.1915,537.68317,Class15
cell_1110,1143.5227,1676.9661,Class7
cell_1111,832.4341,1013.02606,Class0
cell_1112,1058.6772,1059.7947,Class0
cell_1113,1196.2573,648.3329,Class4
cell_1114,965.1116,557.4078,Class6
cell_1115,1012.7593,846.9917,Class0
cell_1116,628.73737,1151.414,Class12
cell_1117,948.14136,929.2637,Class0
cell_1118,1184.8496,913.3021,Class2
cell_1119,989.59406,983.68933,Class0
cell_112,1088.064,909.342,Class2
cell_1120,1787.0073,1107.8684,Class1
cell_1121,946.0271,820.5761,Class0
cell_1122,1113.3275,662.7623,Class2
cell_1123,1800.9816,1122.5845,Class1
cell_1124,1042.6753,655.83997,Class2
cell_1125,1199.8236,939.6969,Class2
cell_1126,1064.2816,676.0757,Class2
cell_1127,1160.3706,388.0437,Class9
cell_1129,1301.0247,909.0632,Class3
cell_113,1093.4272,1105.8069,Class2
cell_1130,994.88934,702.1544,Class2
cell_1131,1144.9772,809.4042,Class5
cell_1132,1781.0337,1119.8638,Class1
cell_1133,1047.4783,890.9811,Class0
cell_1134,937.0155,846.97,Class0
cell_1136,1799.8207,1102.8541,Class1
cell_1138,1152.2764,412.67657,Class9
cell_114,1208.1268,787.9464,Class3
cell_1140,908.7068,493.3854,Class6
cell_1141,1156.4934,390.63153,Class9
cell_1142,1768.412,1100.4441,Class1
cell_1143,1795.8123,1080.8688,Class1
cell_1144,1037.9802,932.0382,Class0
cell_1145,773.47565,1048.5012,Class0
cell_1147,1146.4796,740.39294,Class2
cell_1148,1197.1569,742.5282,Class2
cell_1149,877.3436,769.98584,Class2
cell_115,1252.647,105.763336,Class11
cell_1150,1066.9008,1054.4264,Class0
cell_1151,978.51917,566.60974,Class6
cell_1152,1176.1494,886.2709,Class2
cell_1153,1121.5562,573.1197,Class4
cell_1154,1012.7163,1041.7426,Class0
cell_1155,995.95917,964.0275,Class0
cell_1157,926.9165,952.39246,Class0
cell_1158,884.3145,1087.7468,Class0
cell_1159,1316.1274,807.59735,Class3
cell_116,999.7382,943.876,Class0
cell_1160,1792.1685,1133.1348,Class1
cell_1161,1118.2466,570.73303,Class4
cell_1162,1168.2896,583.4322,Class4
cell_1163,1031.2302,767.27954,Class2
cell_1164,1799.5708,1123.9135,Class1
cell_1165,1445.7766,778.6345,Class3
cell_1166,1030.6761,885.33954,Class0
cell_1167,1808.3751,1114.0675,Class1
cell_1168,1283.5544,750.48645,Class3
cell_1169,1281.8873,768.9149,Class3
cell_117,1087.9391,896.23346,Class2
cell_1170,1267.9641,789.09467,Class3
cell_1171,1782.0309,1105.3456,Class1
cell_1172,1832.4303,1090.47,Class1
cell_1173,1275.2081,742.2655,Class3
cell_1174,1119.7711,905.885,Class2
cell_1175,1795.5486,1131.9813,Class1
cell_1176,1061.6302,786.1687,Class6
cell_1177,979.99646,708.8237,Class2
cell_1178,1140.8851,775.9884,Class5
cell_1179,1136.2015,1677.383,Class7
cell_118,957.3021,992.4854,Class0
cell_1180,1809.0898,1118.1675,Class1
cell_1181,788.5091,1021.82446,Class0
cell_1182,1278.8853,860.5699,Class3
cell_1183,1264.5624,883.9014,Class3
cell_1184,1183.7047,840.7757,Class3
cell_1185,1779.4613,1084.9034,Class1
cell_1186,1806.8271,1115.3922,Class1
cell_1187,1794.4908,1085.0669,Class1
cell_119,931.3203,999.68945,Class0
cell_1190,1252.513,869.9629,Class3
cell_1191,351.59607,776.99005,Class10
cell_1192,942.8819,923.9931,Class0
cell_1193,1826.0132,1070.982,Class1
cell_1194,1314.8439,919.1059,Class3
cell_1195,1180.0499,873.7629,Class3
cell_1196,902.50867,900.27057,Class0
cell_1198,1055.6041,988.1032,Class0
cell_1199,1133.4519,954.2242,Class2
cell_12,795.9661,888.0991,Class0
cell_120,1029.0619,941.53766,Class0
cell_1200,897.4182,990.5321,Class0
cell_1201,969.30597,557.143,Class6
cell_1202,984.37054,955.87177,Class0
cell_1203,1803.6736,1105.6329,Class1
cell_1204,1844.0388,1074.021,Class1
cell_1205,957.146,922.3311,Class0
cell_1206,904.0877,498.9255,Class6
cell_1207,793.70575,940.72253,Class0
cell_1208,1083.1781,1005.15375,Class0
cell_1209,942.8835,943.0956,Class0
cell_121,998.94714,907.1411,Class0
cell_1210,927.4872,854.3433,Class0
cell_1211,1167.7426,536.67175,Class4
cell_1212,1239.3083,713.4045,Class2
cell_1213,1800.8585,1115.2747,Class1
cell_1214,1111.634,752.62756,Class5
cell_1215,1196.4932,762.35645,Class3
cell_1216,1018.7747,726.82056,Class2
cell_1217,1410.6539,352.7542,Class14
cell_1218,1770.7954,386.2526,Class13
cell_1219,1145.9542,770.9298,Class4
cell_122,1269.4597,822.61865,Class3
cell_1220,988.21545,835.2856,Class0
cell_1221,918.5323,913.2948,Class0
cell_1222,820.7401,1032.1753,Class0
cell_1223,1251.0979,682.83514,Class2
cell_1224,1162.6768,650.10956,Class4
cell_1225,1774.5903,1108.8031,Class1
cell_1226,1008.2965,1016.00525,Class0
cell_1227,923.6484,847.6013,Class0
cell_1228,1068.3009,805.97076,Class2
cell_1229,1784.3353,1117.0529,Class1
cell_123,966.74585,910.5648,Class0
cell_1230,964.9668,875.91565,Class0
cell_1231,994.7234,1011.82947,Class0
cell_1232,1786.2579,1081.7959,Class1
cell_1233,858.3428,953.85425,Class0
cell_1234,919.1537,504.75708,Class6
cell_1235,1779.0657,1104.646,Class1
cell_1236,961.8437,1084.9518,Class0
cell_1237,1780.6661,1123.146,Class1
cell_1238,1029.7443,696.64813,Class2
cell_1239,1322.7869,807.61554,Class3
cell_124,992.0561,797.5289,Class0
cell_1240,955.6886,538.5386,Class6
cell_1241,1778.0951,1125.6498,Class1
cell_1242,1774.9915,1105.9742,Class1
cell_1243,1783.9664,1129.3075,Class1
cell_1244,1778.0077,1125.1769,Class1
cell_1245,1805.9916,1104.9965,Class1
cell_1246,1243.6947,808.6588,Class3
cell_1247,1292.2427,781.7297,Class3
cell_1248,1074.6346,882.66223,Class0
cell_1249,1745.1902,394.94492,Class13
cell_125,868.2917,1092.1963,Class0
cell_1250,1085.9907,748.78796,Class5
cell_1251,1112.7823,1682.9008,Class7
cell_1253,625.14087,1148.7518,Class12
cell_1254,1171.8787,791.4623,Class2
cell_1255,1006.18646,970.8676,Class0
cell_1256,1023.316,928.2778,Class0
cell_1257,856.36346,834.2831,Class2
cell_1258,1141.2537,1655.1155,Class7
cell_1259,1140.6605,1678.4122,Class7
cell_126,862.64355,1041.234,Class0
cell_1260,903.9364,498.5484,Class6
cell_1261,956.8041,920.4848,Class0
cell_1262,1493.3839,539.6138,Class15
cell_1263,1781.815,1106.4874,Class1
cell_1265,838.29706,944.68536,Class0
cell_1266,889.6261,1097.7605,Class0
cell_1267,1064.663,776.5971,Class5
cell_1268,1307.3806,907.04224,Class3
cell_1269,1239.6078,685.62115,Class2
cell_127,1772.2976,1090.6041,Class1
cell_1270,1105.3867,905.71356,Class2
cell_1271,1065.5153,942.23145,Class2
cell_1272,853.9088,1104.144,Class0
cell_1273,1352.6713,971.5045,Class3
cell_1274,867.90045,964.70044,Class0
cell_1275,919.8475,1040.6687,Class0
cell_1276,851.9155,993.0662,Class0
cell_1277,1493.1589,539.6337,Class15
cell_1278,910.86304,775.4206,Class2
cell_1279,1074.219,854.3293,Class0
cell_128,912.7119,1036.4764,Class0
cell_1280,972.87665,816.0822,Class0
cell_1281,1290.4125,788.2757,Class3
cell_1282,1215.7913,962.8286,Class2
cell_1283,1068.0192,790.89197,Class2
cell_1284,952.6684,1006.5771,Class0
cell_1285,1078.3336,965.1832,Class0
cell_1286,1797.2965,1088.7332,Class1
cell_1287,1228.0436,711.4626,Class2
cell_1289,1136.3755,986.08563,Class2
cell_129,1149.2803,632.78613,Class4
cell_1290,1783.091,1085.2871,Class1
cell_1291,1827.6543,1090.0134,Class1
cell_1292,959.23425,1117.5946,Class0
cell_1293,1789.7407,1098.4316,Class1
cell_1294,1020.3356,896.42,Class0
cell_1295,1121.5629,809.219,Class5
cell_1296,1114.0974,568.35114,Class4
cell_1297,1774.7227,1102.2423,Class1
cell_1298,894.15875,770.58356,Class2
cell_1299,628.1606,1146.1785,Class12
cell_13,1045.2134,1010.0164,Class0
cell_130,1084.2075,871.36285,Class0
cell_1300,803.03094,848.1817,Class8
cell_1301,829.40674,788.6048,Class9
cell_1302,1428.3041,786.906,Class3
cell_1303,1045.9531,876.0576,Class0
cell_1304,971.08716,551.4845,Class6
cell_1305,1187.045,679.642,Class2
cell_1306,1786.8805,1082.2562,Class1
cell_1307,1252.6588,103.10297,Class11
cell_1308,1163.863,716.82104,Class4
cell_1309,1769.3359,396.73953,Class13
cell_131,1182.5718,804.7582,Class3
cell_1310,1083.0481,671.78204,Class2
cell_1312,1031.3857,827.13855,Class0
cell_1313,1815.662,1069.8257,Class1
cell_1314,911.48584,789.8872,Class2
cell_1315,1144.4452,687.742,Class4
cell_1316,1773.17,1090.8253,Class1
cell_1317,960.13165,983.0861,Class0
cell_1318,958.58514,1037.7812,Class0
cell_1319,1111.1924,1010.46765,Class2
cell_132,828.0881,924.3414,Class0
cell_1320,770.46344,984.7841,Class0
cell_1321,1097.0706,914.2697,Class2
cell_1322,953.9727,1007.30646,Class0
cell_1323,1772.738,1094.2286,Class1
cell_1324,1010.20966,933.01184,Class0
cell_1325,1784.9468,1079.9679,Class1
cell_1326,995.67957,707.47614,Class2
cell_1327,1308.4323,915.63184,Class3
cell_1328,1418.2781,341.004,Class14
cell_1329,1018.8556,943.47437,Class0
cell_133,758.4491,958.3708,Class0
cell_1330,1799.9729,1063.4807,Class1
cell_1332,1065.2621,791.5695,Class2
cell_1334,1791.0245,1088.9539,Class1
cell_1335,976.80835,907.1401,Class0
cell_1336,1282.6288,903.7285,Class3
cell_1337,1129.7499,778.1773,Class5
cell_1338,1778.0785,1093.606,Class1
cell_1339,1031.9716,726.6556,Class2
cell_134,1767.9796,386.20334,Class13
cell_1340,1496.7365,536.0777,Class15
cell_1341,1451.3674,781.5286,Class3
cell_1342,1067.5349,980.10626,Class0
cell_1343,1814.4833,1074.0942,Class1
cell_1344,847.58435,995.2291,Class0
cell_1345,1787.7831,1094.928,Class1
cell_1346,1178.8363,772.45233,Class3
cell_1347,1210.5437,821.53284,Class3
cell_1348,1064.7797,881.93036,Class0
cell_1349,1343.7402,958.35974,Class3
cell_135,976.71765,889.0461,Class0
cell_1350,368.313,743.5219,Class10
cell_1351,1328.895,809.69904,Class3
cell_1352,1206.4307,726.03455,Class2
cell_1353,1774.4991,1083.9613,Class1
cell_1354,1399.7059,788.14435,Class3
cell_1355,1038.3116,1013.49536,Class0
cell_1356,959.10675,951.179,Class0
cell_1357,1402.5966,338.56726,Class14
cell_1358,782.2467,897.60815,Class0
cell_1359,1786.8046,1075.1322,Class1
cell_136,1115.0118,917.247,Class2
cell_1360,1428.1581,790.0303,Class3
cell_1361,1796.421,1085.7856,Class1
cell_1362,1802.8618,1093.8926,Class1
cell_1363,1285.3071,755.55347,Class3
cell_1364,1260.3082,108.92821,Class11
cell_1365,1152.2814,830.00964,Class2
cell_1366,932.4115,1015.7259,Class0
cell_1367,1788.6505,1072.9159,Class1
cell_1368,1090.5543,1101.7816,Class2
cell_1369,1246.2089,118.72873,Class11
cell_137,1010.6559,931.4066,Class0
cell_1370,1805.0693,1086.5485,Class1
cell_1371,1414.6199,350.0936,Class14
cell_1373,1231.2006,614.6813,Class4
cell_1374,1804.1816,1068.3247,Class1
cell_1375,1111.6892,767.5361,Class5
cell_1376,874.2233,970.8301,Class0
cell_1377,1396.2789,797.1622,Class3
cell_1378,1078.9312,801.75226,Class5
cell_1379,888.1994,998.82983,Class0
cell_138,1101.2056,928.7682,Class2
cell_1380,1038.5593,690.09247,Class2
cell_1381,1150.2739,540.0058,Class4
cell_1382,897.8303,892.5169,Class0
cell_1384,1202.3658,710.80115,Class2
cell_1385,1160.8785,528.15485,Class4
cell_1386,1136.4492,1697.525,Class7
cell_1387,1801.061,1101.4396,Class1
cell_1388,1257.3889,106.91414,Class11
cell_1389,1114.9407,1671.719,Class7
cell_139,743.35077,969.8127,Class0
cell_1390,1791.452,1068.6459,Class1
cell_1392,1226.1036,893.50073,Class2
cell_1393,1785.9749,1071.6536,Class1
cell_1394,926.63196,825.2837,Class0
cell_1395,1165.156,526.00287,Class4
cell_1399,1131.4907,886.7561,Class2
cell_14,1182.9786,883.3625,Class2
cell_140,899.8062,494.9787,Class6
cell_1400,1095.9691,995.81287,Class0
cell_1401,370.75296,755.2339,Class10
cell_1402,1214.4874,629.0497,Class4
cell_1404,1011.1475,914.4559,Class0
cell_1405,1119.0947,1689.1738,Class7
cell_1406,883.2959,1013.5951,Class0
cell_1407,1217.413,960.8712,Class2
cell_1409,1227.9802,803.30774,Class3
cell_141,1218.3938,961.4151,Class2
cell_1410,817.20636,1036.4949,Class0
cell_1411,1131.5549,832.585,Class5
cell_1412,1258.938,869.3098,Class3
cell_1413,952.7156,764.8816,Class2
cell_1414,937.2279,1089.9647,Class0
cell_1415,1011.5807,1059.2065,Class0
cell_1416,962.5392,878.94104,Class0
cell_1418,1298.7621,836.4845,Class3
cell_1419,1127.0236,1688.3287,Class7
cell_142,1305.1788,894.8118,Class3
cell_1420,966.9573,946.97687,Class0
cell_1421,618.55566,1159.7981,Class12
cell_1422,1095.3871,794.3473,Class5
cell_1423,1210.2543,878.83356,Class3
cell_1424,1091.8276,788.5487,Class5
cell_1425,1238.6423,683.5605,Class2
cell_1426,1795.4597,1083.3861,Class1
cell_1427,1791.0164,1100.0493,Class1
cell_1429,918.1961,818.2455,Class0
cell_143,958.1655,887.32556,Class0
cell_1430,826.8978,1055.0923,Class0
cell_1431,903.72943,502.35986,Class6
cell_1432,870.79297,870.0748,Class0
cell_1435,1395.7697,788.7432,Class3
cell_1436,985.2603,1125.6642,Class0
cell_1437,1008.3657,903.48236,Class0
cell_1439,1151.8287,401.2352,Class9
cell_144,856.1013,954.04175,Class0
cell_1440,1820.5577,1117.7014,Class1
cell_1441,1208.8192,772.0192,Class3
cell_1442,1066.442,1043.1526,Class0
cell_1443,1217.9542,898.2458,Class2
cell_1444,923.1766,906.0686,Class0
cell_1445,1091.786,803.156,Class5
cell_1446,876.5194,1004.7848,Class0
cell_1447,1098.4552,754.36066,Class5
cell_1448,734.12354,812.3454,Class8
cell_1449,1160.0392,400.0063,Class9
cell_145,939.1367,899.0545,Class0
cell_1450,1813.4182,1067.8282,Class1
cell_1451,976.9438,1019.69403,Class0
cell_1452,973.3585,555.9225,Class6
cell_1453,1167.2574,529.31866,Class4
cell_1454,1012.02747,826.62695,Class0
cell_1455,872.9792,947.1101,Class0
cell_1456,1112.7281,764.7663,Class5
cell_1457,895.76587,934.9364,Class0
cell_1458,1038.5829,731.0883,Class2
cell_1459,882.1957,1064.6758,Class0
cell_146,1307.9126,912.85516,Class3
cell_1460,1047.9132,699.34607,Class2
cell_1462,1203.0343,710.1178,Class2
cell_1463,1119.0527,771.1455,Class5
cell_1464,1795.6709,1099.0406,Class1
cell_1465,1118.864,1678.5886,Class7
cell_1466,1162.3094,524.93915,Class4
cell_1467,358.22977,779.32245,Class10
cell_1468,1259.0863,754.13446,Class3
cell_1469,1056.4996,771.9176,Class2
cell_147,804.7798,1031.0369,Class0
cell_1470,903.9295,483.37994,Class6
cell_1471,933.8081,989.6952,Class0
cell_1472,1150.61,681.8951,Class4
cell_1473,1797.2157,1094.7583,Class1
cell_1474,1449.2122,780.35126,Class3
cell_1475,927.95544,1028.4036,Class0
cell_1476,953.0004,973.79504,Class0
cell_1477,1800.8137,1055.9592,Class1
cell_1478,1251.7455,588.4403,Class4
cell_1479,812.72266,778.58636,Class9
cell_148,1006.07776,970.7202,Class0
cell_1480,626.02,1156.7272,Class12
cell_1481,612.0955,1156.598,Class12
cell_1482,1077.9104,718.72894,Class4
cell_1483,912.47284,489.1673,Class6
cell_1484,352.88348,769.39233,Class10
cell_1485,1212.6779,965.0523,Class2
cell_1486,820.1881,787.3848,Class9
cell_1487,917.6977,486.04153,Class6
cell_1488,1784.8263,1066.217,Class1
cell_1489,897.1931,981.7155,Class0
cell_149,1132.7073,980.99976,Class2
cell_1490,753.8217,978.00543,Class0
cell_1491,908.35114,490.35815,Class6
cell_1492,902.50244,936.7208,Class0
cell_1493,984.48065,1094.3854,Class0
cell_1494,1019.42303,775.54047,Class2
cell_1495,1105.2192,804.94855,Class5
cell_1496,1078.0198,718.8628,Class5
cell_1497,910.3941,490.29245,Class6
cell_1498,877.25946,1062.0747,Class0
cell_1499,924.29895,968.1674,Class0
cell_15,1004.68823,838.02454,Class0
cell_150,897.7266,931.14386,Class0
cell_1500,964.87665,944.3549,Class0
cell_1501,898.59485,486.09915,Class6
cell_1502,1844.54,1079.1895,Class1
cell_1503,948.3053,543.3321,Class6
cell_1504,1126.7908,1678.3027,Class7
cell_1505,799.4714,1049.7107,Class0
cell_1507,1042.7943,1096.1484,Class0
cell_1508,1017.982,975.36914,Class0
cell_1509,617.2046,1159.9305,Class12
cell_151,1041.2814,940.23,Class0
cell_1510,1011.91895,912.1704,Class0
cell_1511,1255.1953,591.7302,Class4
cell_1512,1024.2375,995.7321,Class0
cell_1513,1786.3319,1100.9414,Class1
cell_1514,872.5035,980.39246,Class0
cell_1515,939.5889,1004.07904,Class0
cell_1517,1103.375,1012.7864,Class2
cell_1518,942.5752,1057.616,Class0
cell_1519,1276.7681,849.59247,Class3
cell_152,994.4533,925.28534,Class0
cell_1520,1090.3757,673.14514,Class2
cell_1521,913.0314,1118.07,Class0
cell_1522,1444.6448,786.122,Class3
cell_1523,1786.8885,1076.1317,Class1
cell_1524,1094.7334,846.7197,Class0
cell_1526,1085.7299,930.57184,Class2
cell_1527,1789.5554,1057.5226,Class1
cell_1528,920.20337,990.04803,Class0
cell_1529,1800.7863,1049.3977,Class1
cell_153,624.95325,1155.4828,Class12
cell_1530,1147.2731,768.82227,Class5
cell_1532,893.0212,935.5896,Class0
cell_1533,1085.6395,979.1538,Class0
cell_1534,1144.3232,980.82855,Class2
cell_1535,1214.6617,921.4542,Class2
cell_1536,941.40875,417.60074,Class6
cell_1537,363.57153,749.1448,Class10
cell_1539,1255.2893,587.8196,Class4
cell_154,772.61017,692.8149,Class8
cell_1540,1148.1748,823.70197,Class5
cell_1541,936.42413,1015.3037,Class0
cell_1542,907.6645,998.4651,Class0
cell_1543,1089.8296,669.43524,Class4
cell_1545,853.4892,835.6329,Class9
cell_1546,1121.903,900.5062,Class2
cell_1547,866.6174,930.6605,Class0
cell_1548,1033.2397,1105.264,Class0
cell_1549,1220.8767,884.1271,Class2
cell_1550,1812.566,1096.9983,Class1
cell_1551,1815.2656,1086.5483,Class1
cell_1552,1797.0167,1075.3546,Class1
cell_1553,1256.7802,109.44996,Class11
cell_1554,908.4498,1035.2833,Class0
cell_1555,953.6396,928.1355,Class0
cell_1556,824.48157,932.0853,Class0
cell_1557,1054.9479,974.637,Class0
cell_1558,1041.4836,1100.9829,Class0
cell_1559,1257.7382,746.066,Class3
cell_156,1122.9175,911.30994,Class2
cell_1561,977.28156,891.0982,Class0
cell_1562,1150.438,926.54944,Class2
cell_1563,1820.7283,1047.0599,Class1
cell_1564,781.07196,943.4687,Class0
cell_1565,1117.8887,826.61,Class5
cell_1566,1255.2682,114.928246,Class11
cell_1567,976.0632,1027.3402,Class0
cell_1568,1766.7488,391.7544,Class13
cell_1569,914.8451,929.2723,Class0
cell_157,996.57697,815.2211,Class2
cell_1571,1111.317,1683.7334,Class7
cell_1572,728.8066,814.2883,Class8
cell_1573,788.4728,967.61084,Class0
cell_1574,799.3767,1025.6471,Class0
cell_1575,799.4807,1015.95374,Class0
cell_1576,1228.3257,883.65314,Class2
cell_1577,959.00775,1020.3466,Class0
cell_1578,907.6936,773.67334,Class2
cell_158,1124.9211,787.4156,Class5
cell_1580,968.3983,716.379,Class2
cell_1581,1249.454,103.194336,Class11
cell_1582,919.7644,1005.0536,Class0
cell_1583,1822.7349,1077.1599,Class1
cell_1584,852.277,961.12616,Class0
cell_1585,870.7199,1028.8857,Class0
cell_1586,829.82275,1032.6641,Class0
cell_1587,1135.1956,1677.7662,Class7
cell_1588,1257.2814,752.26965,Class3
cell_1589,1018.73834,833.9104,Class0
cell_1590,1797.6478,1061.2963,Class1
cell_1591,873.39075,932.624,Class0
cell_1592,933.63306,1066.0616,Class0
cell_1594,770.3583,684.82,Class8
cell_1595,778.7682,983.8165,Class0
cell_1597,965.15735,1004.933,Class0
cell_1598,1132.78,1690.6893,Class7
cell_1599,916.7391,876.9116,Class0
cell_160,1810.1915,1057.8428,Class1
cell_1600,1832.5219,1074.0115,Class1
cell_1601,771.51373,972.6569,Class0
cell_1602,1190.5396,920.4622,Class2
cell_1603,1281.7524,859.7078,Class3
cell_1604,1806.5846,1079.9023,Class1
cell_1605,1274.86,861.80115,Class3
cell_1607,1001.202,1028.6495,Class0
cell_1608,1146.769,390.41504,Class9
cell_1609,1061.0894,1058.602,Class0
cell_161,993.2141,961.7405,Class0
cell_1610,964.14166,929.82166,Class0
cell_1611,1137.465,1671.1439,Class7
cell_1612,874.8573,973.1616,Class0
cell_1614,854.80554,907.9939,Class0
cell_1615,1121.8088,1689.7648,Class7
cell_1616,937.827,999.27356,Class0
cell_1617,896.1666,1005.8016,Class0
cell_1618,873.9521,1025.917,Class0
cell_1619,1801.2526,1080.278,Class1
cell_162,911.255,953.1436,Class0
cell_1620,1253.0447,592.8862,Class4
cell_1621,856.46515,980.943,Class0
cell_1622,916.1476,907.8331,Class0
cell_1623,933.8306,1094.2472,Class0
cell_1624,734.3483,802.7052,Class8
cell_1625,1824.3195,1097.2393,Class1
cell_1626,868.09766,1017.1375,Class0
cell_1627,1817.6718,1066.3351,Class1
cell_1628,626.62866,1150.413,Class12
cell_163,1181.2563,878.881,Class2
cell_1630,1000.29736,895.2379,Class0
cell_1631,1128.9384,1689.5236,Class7
cell_1632,1196.7489,809.84973,Class2
cell_1633,811.8376,925.7884,Class0
cell_1634,994.87335,1103.3235,Class0
cell_1636,857.67725,870.21344,Class0
cell_1637,1834.9589,1108.7017,Class1
cell_1638,917.9103,892.1385,Class0
cell_1639,1030.5823,861.79944,Class0
cell_164,995.02295,917.6619,Class0
cell_1640,883.8107,955.7317,Class0
cell_1641,1116.5115,758.8995,Class5
cell_1642,800.0414,955.87836,Class0
cell_1643,791.8437,1022.6583,Class0
cell_1644,1843.3522,1114.1343,Class1
cell_1645,1120.2834,969.5277,Class2
cell_1646,1133.1937,699.8253,Class4
cell_1647,1167.1316,390.54752,Class9
cell_1648,892.912,1124.7755,Class0
cell_1649,925.5084,918.8685,Class0
cell_165,793.32935,961.0862,Class0
cell_1650,1327.8267,804.51,Class3
cell_1651,620.0615,1162.6735,Class12
cell_1652,1854.4434,1084.7571,Class1
cell_1653,1861.3892,1093.0392,Class1
cell_1654,960.0421,955.26086,Class0
cell_1655,1033.2942,1100.9371,Class0
cell_1656,1808.532,1077.3864,Class1
cell_1657,984.38837,1017.4284,Class0
cell_1658,1865.2416,1096.048,Class1
cell_1659,821.14105,785.8576,Class9
cell_166,808.30347,1017.1843,Class0
cell_1660,1817.7134,1086.5632,Class1
cell_1661,1040.1449,1087.91,Class0
cell_1662,1348.9235,968.41956,Class3
cell_1663,903.2903,960.5867,Class0
cell_1664,1815.9805,1059.3247,Class1
cell_1666,778.7252,1041.701,Class0
cell_1667,862.5627,1003.85504,Class0
cell_1668,812.76666,1026.2079,Class0
cell_1669,910.487,1100.661,Class0
cell_167,1228.7418,844.5821,Class3
cell_1670,1139.5889,984.1944,Class2
cell_1671,984.1619,805.67334,Class2
cell_1672,875.0777,942.54724,Class0
cell_1673,756.7171,838.8828,Class8
cell_1674,954.3021,1046.0735,Class0
cell_1675,1249.7643,102.50635,Class11
cell_1677,1809.1251,1070.9423,Class1
cell_1678,773.06775,881.4543,Class0
cell_1679,1152.3871,385.9352,Class9
cell_168,1801.9603,1083.2883,Class1
cell_1680,1803.6624,1109.4235,Class1
cell_1681,848.56415,1048.8037,Class0
cell_1682,993.38416,934.4662,Class0
cell_1684,911.29724,1017.3216,Class0
cell_1685,790.0776,980.564,Class0
cell_1686,941.2282,924.0602,Class0
cell_1687,950.82635,1017.9314,Class0
cell_1689,780.22577,897.6901,Class0
cell_169,1112.9896,567.5626,Class4
cell_1690,348.34174,783.7079,Class10
cell_1691,1135.2375,837.02765,Class5
cell_1692,1153.8755,399.4444,Class9
cell_1693,983.8565,965.43304,Class0
cell_1694,1817.5398,1091.9675,Class1
cell_1695,791.72235,1043.2083,Class0
cell_1697,904.35974,1039.4675,Class0
cell_1698,1818.1774,1051.2362,Class1
cell_1699,1800.9615,1068.8812,Class1
cell_17,1791.3326,1097.0568,Class1
cell_170,1160.8534,394.8315,Class9
cell_1700,969.082,907.8666,Class0
cell_1701,1132.684,1693.5612,Class7
cell_1703,1809.7292,1059.4261,Class1
cell_1704,1819.5173,1059.2947,Class1
cell_1705,923.5693,840.1937,Class0
cell_1706,976.0813,845.88385,Class0
cell_1707,781.2198,1023.6578,Class0
cell_1708,811.55035,784.46716,Class9
cell_171,1145.1656,928.3118,Class2
cell_1710,1094.3811,1105.0513,Class2
cell_1711,865.5872,951.8882,Class0
cell_1712,614.57153,1160.2031,Class12
cell_1713,971.2248,1052.7168,Class0
cell_1714,1103.4169,928.33984,Class2
cell_1715,765.1325,988.9559,Class0
cell_1716,1816.1205,1113.1527,Class1
cell_1717,973.23987,999.2176,Class0
cell_1718,898.518,863.56146,Class0
cell_1719,763.2561,1064.371,Class0
cell_172,620.8292,1161.0884,Class12
cell_1720,1159.653,717.19543,Class4
cell_1721,819.34644,783.4544,Class9
cell_1723,1214.8177,893.4703,Class2
cell_1724,985.06134,1093.812,Class0
cell_1725,1819.2251,1080.4816,Class1
cell_1726,852.7123,1055.7382,Class0
cell_1729,1016.90186,1092.9213,Class0
cell_173,834.29333,939.1973,Class0
cell_1731,781.63464,692.117,Class8
cell_1733,903.0675,981.64703,Class0
cell_1734,917.76196,996.2838,Class0
cell_1735,902.89844,986.34265,Class0
cell_1736,983.93787,957.7241,Class0
cell_1737,879.9104,940.36597,Class0
cell_174,1808.6693,1066.7034,Class1
cell_1740,957.5328,1078.8933,Class0
cell_1741,1443.9825,787.9306,Class3
cell_1742,929.97687,995.137,Class0
cell_1743,919.4324,909.8402,Class0
cell_1744,1215.8789,631.1612,Class4
cell_1745,1152.2626,388.63162,Class9
cell_1746,1029.2633,956.7842,Class0
cell_1747,1131.1011,1686.5912,Class7
cell_1749,866.21844,1011.37335,Class0
cell_175,1161.4579,394.8821,Class9
cell_1750,859.4822,1070.0703,Class0
cell_1751,973.506,850.9943,Class0
cell_1752,1802.786,1064.8286,Class1
cell_1753,1842.0862,1056.2217,Class1
cell_1754,1806.6704,1068.9791,Class1
cell_1755,901.0552,1044.2332,Class0
cell_1756,1834.1221,1066.4524,Class1
cell_1757,1150.8512,678.9775,Class4
cell_1758,772.7602,1054.2003,Class0
cell_1759,1136.1003,1693.9097,Class7
cell_176,944.9565,846.4813,Class0
cell_1760,1135.1077,757.5594,Class5
cell_1761,1129.0525,1669.8151,Class7
cell_1763,851.29016,976.2307,Class0
cell_1764,346.28073,781.9543,Class10
cell_1765,1039.4084,798.4586,Class2
cell_1766,1279.2178,745.7491,Class3
cell_1767,1123.424,772.28827,Class5
cell_1768,1389.3567,785.00616,Class3
cell_1769,1828.0625,1066.7675,Class1
cell_177,1128.0549,829.9694,Class2
cell_1770,1850.0271,1085.9805,Class1
cell_1771,897.9862,1132.4402,Class0
cell_1772,898.1655,1052.0697,Class0
cell_1773,894.442,1032.8032,Class0
cell_1774,869.7498,986.6033,Class0
cell_1775,975.6402,885.07825,Class0
cell_1776,962.7521,944.9669,Class0
cell_1778,820.471,921.9747,Class0
cell_1779,819.598,1035.1482,Class0
cell_178,1125.3297,839.5477,Class5
cell_1780,892.8993,990.4627,Class0
cell_1781,900.9569,1016.9133,Class0
cell_1782,866.7425,1073.6244,Class0
cell_1783,830.39514,956.9377,Class0
cell_1784,1811.2133,1064.3217,Class1
cell_1785,884.0327,1051.1014,Class0
cell_1786,832.076,805.71985,Class9
cell_1787,1160.6533,521.63104,Class4
cell_1788,910.72455,1045.9567,Class0
cell_1789,1344.1783,963.6466,Class3
cell_179,1850.8158,1087.3425,Class1
cell_1790,1759.4265,386.3904,Class13
cell_1791,1272.0602,783.823,Class3
cell_1792,1812.8848,1090.1768,Class1
cell_1793,746.71124,991.7658,Class0
cell_1794,978.9919,901.0562,Class0
cell_1795,1254.9039,681.33813,Class2
cell_1796,894.7298,913.041,Class0
cell_1797,1167.3281,880.05066,Class2
cell_1798,890.9056,984.1,Class0
cell_1799,626.6764,1152.2433,Class12
cell_18,1016.2682,1012.93286,Class0
cell_180,1122.1987,779.06256,Class5
cell_1800,348.90985,766.6384,Class10
cell_1801,1228.804,796.8029,Class3
cell_1802,970.70715,1042.3148,Class0
cell_1803,780.76886,685.49664,Class8
cell_1805,1418.7751,346.624,Class14
cell_1806,988.808,1089.0608,Class0
cell_1807,1138.2261,777.7875,Class4
cell_1808,1258.9741,111.04431,Class11
cell_1809,1138.8922,981.1802,Class2
cell_181,862.8626,968.76184,Class0
cell_1810,1827.0693,1085.983,Class1
cell_1811,1124.7305,796.27856,Class5
cell_1812,1839.6667,1076.2496,Class1
cell_1813,843.82074,942.22687,Class0
cell_1814,722.5658,811.1286,Class8
cell_1815,829.0129,901.9584,Class0
cell_1816,887.07275,985.3571,Class0
cell_1817,1064.1598,945.2894,Class2
cell_1818,948.55927,1030.6516,Class0
cell_1819,1261.9385,100.0,Class11
cell_182,1206.9796,952.9544,Class2
cell_1820,988.8577,1043.8887,Class0
cell_1821,1121.3369,1672.1035,Class7
cell_1822,924.2411,1049.2782,Class0
cell_1823,1099.4958,747.71985,Class5
cell_1825,892.4627,786.3795,Class2
cell_1826,999.18774,1034.1754,Class0
cell_1827,1222.8969,898.97974,Class2
cell_1828,927.48755,892.5815,Class0
cell_1829,1117.7997,786.1637,Class5
cell_183,1310.5602,830.9855,Class3
cell_1830,1449.357,782.79156,Class3
cell_1831,964.0395,903.91376,Class0
cell_1832,1810.7968,1057.028,Class1
cell_1833,836.5016,887.63525,Class0
cell_1834,1184.876,825.41364,Class2
cell_1835,970.98,1036.941,Class0
cell_1836,886.8408,1124.932,Class0
cell_1837,1232.9926,880.0364,Class3
cell_1838,988.99756,1016.45746,Class0
cell_1839,1213.2185,788.2896,Class3
cell_184,1018.1034,800.6114,Class2
cell_1840,1298.259,868.07043,Class3
cell_1841,908.63544,1129.7239,Class0
cell_1842,870.68195,881.2276,Class0
cell_1843,849.1454,1013.20514,Class0
cell_1845,787.7818,991.5643,Class0
cell_1846,892.7916,1012.49475,Class0
cell_1847,1310.2349,815.2752,Class3
cell_1848,1165.8342,814.0766,Class2
cell_1849,1178.6862,621.1388,Class4
cell_185,628.1581,1166.4758,Class12
cell_1851,934.8791,973.70435,Class0
cell_1852,1208.6254,854.85895,Class2
cell_1853,1014.6633,894.82,Class0
cell_1854,983.70264,837.9797,Class0
cell_1856,1128.9366,1681.1401,Class7
cell_1857,838.0429,1017.98914,Class0
cell_1858,1838.0604,1072.81,Class1
cell_1859,735.1886,818.2127,Class8
cell_186,1451.1366,790.883,Class3
cell_1860,949.92706,976.6679,Class0
cell_1861,1207.0851,843.202,Class2
cell_1862,984.84485,900.3818,Class0
cell_1863,777.73566,965.72217,Class0
cell_1864,972.40125,947.8663,Class0
cell_1865,1816.4764,1074.67,Class1
cell_1866,986.621,946.0356,Class0
cell_1867,942.9194,820.40674,Class0
cell_1868,969.8905,1071.6589,Class0
cell_1869,1164.6538,525.2087,Class4
cell_187,1303.487,895.90857,Class3
cell_1870,615.78595,1153.6022,Class12
cell_1871,878.0799,904.64716,Class0
cell_1872,1003.082,1034.8085,Class0
cell_1873,1107.0782,821.2083,Class2
cell_1874,1063.2314,910.2767,Class0
cell_1876,899.0913,1039.984,Class0
cell_1878,858.8621,1075.9707,Class0
cell_1879,1837.3489,1062.8689,Class1
cell_188,915.18933,978.47473,Class0
cell_1880,352.0156,778.18176,Class10
cell_1881,359.8988,766.48236,Class10
cell_1882,1193.3794,936.40717,Class2
cell_1883,991.0992,707.34045,Class2
cell_1885,830.7671,1017.9089,Class0
cell_1886,932.803,1067.8015,Class0
cell_1887,1854.5037,1094.4016,Class1
cell_1888,974.25214,1005.34705,Class0
cell_1889,1247.0862,127.64159,Class11
cell_189,1499.2103,533.7471,Class15
cell_1890,948.84174,1104.2184,Class0
cell_1891,995.55804,806.4374,Class2
cell_1892,950.8267,1107.5691,Class0
cell_1893,914.77185,483.67218,Class6
cell_1894,909.09326,1028.6313,Class0
cell_1895,1278.6027,818.9236,Class3
cell_1896,1110.3167,975.95605,Class2
cell_1898,1124.3909,1666.2727,Class7
cell_1899,861.0155,999.2381,Class0
cell_19,1015.92395,1007.32135,Class0
cell_190,981.3549,743.1262,Class2
cell_1901,909.3111,918.0557,Class0
cell_1902,926.4608,908.24603,Class0
cell_1903,972.5356,557.17426,Class6
cell_1904,962.02686,1127.7454,Class0
cell_1905,1826.1877,1076.7592,Class1
cell_1906,1222.8899,694.21893,Class2
cell_1907,880.594,863.26196,Class0
cell_1908,997.7771,759.96326,Class2
cell_1909,1840.9348,1066.9835,Class1
cell_191,1010.4552,965.9941,Class0
cell_1910,1413.1777,349.4173,Class14
cell_1912,789.0134,989.562,Class0
cell_1913,1022.285,913.10785,Class0
cell_1914,1391.1768,780.32855,Class3
cell_1915,1830.9983,1070.8009,Class1
cell_1916,934.54755,426.35852,Class6
cell_1918,1828.4382,1099.2405,Class1
cell_192,960.483,980.7605,Class0
cell_193,1133.1548,708.37964,Class4
cell_194,1808.0482,1083.0249,Class1
cell_195,765.64386,830.70886,Class8
cell_196,1409.4304,344.03375,Class14
cell_197,1204.8036,654.66565,Class4
cell_198,982.4893,812.5044,Class2
cell_199,1127.796,928.4583,Class2
cell_200,1822.252,1054.6642,Class1
cell_201,1057.2778,849.38605,Class0
cell_202,1244.9746,821.91315,Class3
cell_203,924.76074,1026.1926,Class0
cell_205,1819.4713,1065.5231,Class1
cell_206,833.77,1056.1527,Class0
cell_207,1106.8787,932.5506,Class2
cell_209,808.865,1043.7344,Class0
cell_21,922.75476,498.56,Class6
cell_210,1060.2738,881.6601,Class0
cell_211,748.0896,965.1532,Class0
cell_212,1149.3154,771.56665,Class5
cell_213,751.4635,963.91516,Class0
cell_214,935.1885,923.50055,Class0
cell_215,961.6655,1043.7982,Class0
cell_216,1040.0927,951.32715,Class0
cell_217,910.72675,1096.633,Class0
cell_219,1219.0697,702.6968,Class2
cell_22,1835.7233,1083.0022,Class1
cell_220,1112.7858,1010.86835,Class2
cell_221,355.8413,771.8297,Class10
cell_222,940.7921,416.58383,Class6
cell_224,1813.1636,1067.4662,Class1
cell_225,894.52325,991.35114,Class0
cell_226,1023.8834,1058.3281,Class0
cell_227,839.2209,952.248,Class0
cell_228,892.18915,780.90015,Class2
cell_229,976.8834,989.32056,Class0
cell_23,1147.1945,903.7908,Class2
cell_230,1077.1809,865.7508,Class0
cell_231,878.45795,1040.7054,Class0
cell_232,1822.7654,1078.4854,Class1
cell_233,780.6,892.5159,Class0
cell_234,1039.0391,1006.3955,Class0
cell_235,1252.8442,112.610535,Class11
cell_236,1100.9426,931.1891,Class2
cell_237,725.31006,811.6086,Class8
cell_238,1125.5005,1676.7921,Class7
cell_239,1193.2883,937.76825,Class2
cell_24,1126.5715,821.56494,Class5
cell_240,974.5657,729.36127,Class2
cell_241,1250.8892,861.2196,Class3
cell_244,1844.1271,1060.8654,Class1
cell_247,855.78235,1064.6176,Class0
cell_248,928.50464,1060.4119,Class0
cell_249,1268.4237,845.438,Class3
cell_25,1756.6202,391.7956,Class13
cell_250,1194.9639,923.4376,Class2
cell_251,607.5734,1145.6268,Class12
cell_252,998.1167,940.65436,Class0
cell_253,1036.5883,922.7666,Class0
cell_254,914.7211,936.3557,Class0
cell_255,780.536,688.32935,Class8
cell_256,1002.1327,742.4546,Class2
cell_257,1039.9502,882.8915,Class0
cell_258,1122.2031,1675.252,Class7
cell_259,1413.6832,345.50882,Class14
cell_26,1011.1822,945.3291,Class0
cell_260,935.2166,899.6334,Class0
cell_261,1003.2559,898.1037,Class0
cell_262,1129.1517,1678.5641,Class7
cell_263,1843.2448,1097.3351,Class1
cell_264,769.97235,996.9082,Class0
cell_265,901.7538,1075.3801,Class0
cell_266,1161.739,398.36264,Class9
cell_267,1833.8207,1069.6699,Class1
cell_268,1816.0939,1071.5962,Class1
cell_269,1117.7909,1693.0586,Class7
cell_27,1122.9617,899.5293,Class2
cell_270,885.5749,779.35223,Class2
cell_271,926.96436,1021.1771,Class0
cell_272,1386.6558,779.98285,Class3
cell_273,907.73047,981.01294,Class0
cell_274,775.29456,979.7777,Class0
cell_275,1159.5786,936.0758,Class2
cell_276,1851.0895,1100.1348,Class1
cell_278,1028.0878,748.3572,Class0
cell_28,1203.6984,773.473,Class3
cell_280,1107.9929,758.7911,Class5
cell_281,1003.07513,1068.8302,Class0
cell_283,917.1938,940.62665,Class0
cell_284,955.5519,1013.379,Class0
cell_285,1055.4175,946.8533,Class2
cell_286,916.41675,840.4527,Class0
cell_287,1063.244,870.3786,Class0
cell_288,930.5131,526.0882,Class6
cell_289,1116.4557,1681.1107,Class7
cell_29,1061.7655,861.48694,Class0
cell_290,1761.6417,403.22052,Class13
cell_291,993.0652,871.8282,Class0
cell_292,1156.4934,395.87332,Class9
cell_293,900.1499,1126.6227,Class0
cell_294,966.84436,1099.8307,Class0
cell_295,1107.0712,912.5532,Class2
cell_296,1147.8978,741.9193,Class2
cell_297,1016.0921,903.91235,Class0
cell_298,913.88464,869.77423,Class0
cell_299,1206.37,767.0558,Class3
cell_30,933.92316,431.4931,Class6
cell_300,1103.944,933.04803,Class2
cell_301,1844.3715,1077.523,Class1
cell_302,1123.4011,771.38306,Class5
cell_303,892.849,960.9439,Class0
cell_304,1111.9354,966.37134,Class2
cell_305,1088.0664,753.8702,Class5
cell_306,1075.5358,1095.0905,Class2
cell_307,1131.1312,787.7035,Class5
cell_308,1217.3704,630.7253,Class4
cell_309,1847.6342,1074.9076,Class1
cell_31,1026.3325,1007.9631,Class0
cell_310,1022.8672,1025.8049,Class0
cell_311,844.6474,1010.35016,Class0
cell_312,883.6726,1049.2673,Class0
cell_313,1023.765,693.99854,Class2
cell_314,785.4325,954.2518,Class0
cell_315,984.03156,1090.5363,Class0
cell_316,1795.0367,1063.9943,Class1
cell_317,925.7216,990.33453,Class0
cell_318,776.4817,1048.8339,Class0
cell_319,1027.1388,931.6549,Class0
cell_32,1304.5355,839.33124,Class3
cell_320,784.12683,948.94617,Class0
cell_321,1025.2561,915.60486,Class0
cell_322,1141.1362,709.3071,Class4
cell_323,1842.754,1072.0504,Class1
cell_324,852.54156,1071.9453,Class0
cell_325,881.3643,766.6661,Class2
cell_326,926.84296,950.4866,Class0
cell_327,1107.75,666.4236,Class2
cell_328,1012.2855,724.82214,Class2
cell_329,1138.4674,648.215,Class4
cell_33,903.4563,937.41693,Class0
cell_330,781.3445,897.2822,Class0
cell_331,1261.929,845.2196,Class3
cell_332,861.12634,1032.0511,Class0
cell_333,797.5757,958.95703,Class0
cell_334,779.9843,929.4779,Class0
cell_335,1142.7405,708.3759,Class4
cell_336,970.71783,1003.4239,Class0
cell_337,1003.3802,767.6758,Class4
cell_338,909.59796,970.1168,Class0
cell_339,1836.0413,1077.718,Class1
cell_34,1151.1909,775.3453,Class5
cell_340,1085.5414,816.0955,Class0
cell_341,1849.7281,1069.0768,Class1
cell_342,1072.6377,929.6102,Class2
cell_344,940.2366,422.3181,Class6
cell_345,1142.0059,684.8201,Class4
cell_346,849.2672,1040.5762,Class0
cell_347,1002.5277,878.0612,Class0
cell_348,1495.584,537.41693,Class15
cell_349,1491.5773,541.29016,Class15
cell_35,974.32935,716.9023,Class2
cell_350,734.4899,809.32904,Class8
cell_351,810.38257,1007.4113,Class0
cell_352,909.66675,946.708,Class0
cell_353,893.2136,1052.5872,Class0
cell_354,936.784,993.3713,Class0
cell_355,624.0534,1152.6058,Class12
cell_356,977.99817,992.0156,Class0
cell_357,895.75024,1065.1544,Class0
cell_358,1209.7065,699.7723,Class2
cell_359,917.0988,1024.6707,Class0
cell_36,932.6932,843.6459,Class0
cell_360,1842.8646,1082.8049,Class1
cell_361,973.91455,713.7807,Class2
cell_362,1843.8066,1066.3872,Class1
cell_363,1847.2145,1086.5973,Class1
cell_364,939.2866,1005.58673,Class0
cell_365,1017.4086,942.1824,Class0
cell_366,1225.6283,856.63025,Class3
cell_367,968.3937,1002.4229,Class0
cell_368,1040.804,750.4005,Class4
cell_369,1826.2285,1082.4897,Class1
cell_37,1844.3098,1066.2723,Class1
cell_370,1115.5988,572.86304,Class4
cell_371,905.5394,972.1136,Class0
cell_372,1048.6824,1096.3654,Class0
cell_373,910.06995,820.7548,Class2
cell_374,952.5138,886.6225,Class0
cell_375,904.1233,1077.4287,Class0
cell_376,1856.1577,1102.4473,Class1
cell_377,1141.708,775.3401,Class5
cell_378,806.93475,968.40533,Class0
cell_379,1842.2844,1067.5214,Class1
cell_38,1147.2585,952.79205,Class2
cell_380,894.29016,841.6092,Class0
cell_381,1163.0017,387.43777,Class9
cell_382,898.06805,859.1987,Class0
cell_383,1846.6078,1089.9463,Class1
cell_384,1848.4081,1091.0533,Class1
cell_385,1270.7739,758.29376,Class3
cell_386,1853.7296,1098.5515,Class1
cell_387,1827.8114,1085.6273,Class1
cell_388,1000.2065,1044.1089,Class0
cell_389,747.8404,987.4166,Class0
cell_39,788.72577,1058.5697,Class0
cell_390,1068.9698,839.8058,Class0
cell_391,898.9768,803.9837,Class2
cell_392,891.885,993.75104,Class0
cell_393,1267.387,888.4008,Class3
cell_394,1099.7676,664.2433,Class2
cell_395,1098.6821,918.4538,Class2
cell_396,891.6538,764.70636,Class2
cell_398,1045.4453,830.78613,Class0
cell_399,1400.0072,789.0123,Class3
cell_4,839.4297,978.6567,Class0
cell_40,1118.3098,565.5843,Class4
cell_400,900.3016,918.22565,Class0
cell_401,1199.2324,775.95557,Class3
cell_402,1115.2388,1684.7742,Class7
cell_403,943.37494,767.95013,Class2
cell_404,1143.7859,767.8382,Class5
cell_405,346.57382,767.5856,Class10
cell_406,872.51355,866.5597,Class0
cell_407,1217.5131,685.74493,Class2
cell_408,842.93335,898.5235,Class0
cell_409,1450.8884,779.8755,Class3
cell_41,821.962,956.1773,Class0
cell_410,1075.7971,912.00323,Class2
cell_411,1198.484,779.8538,Class3
cell_412,732.585,818.01074,Class8
cell_413,940.0174,1100.6311,Class0
cell_414,985.8417,990.4214,Class0
cell_415,798.3263,989.9316,Class0
cell_416,886.035,945.46185,Class0
cell_417,884.0067,917.6402,Class0
cell_418,1398.2749,786.5679,Class3
cell_419,1832.7312,1135.6077,Class1
cell_42,969.06586,1113.6127,Class0
cell_420,865.66656,859.4599,Class0
cell_421,941.92737,766.9105,Class2
cell_422,1850.7351,1099.8422,Class1
cell_423,843.4168,995.1391,Class0
cell_424,1020.28143,802.2751,Class2
cell_425,1009.9352,859.66046,Class0
cell_426,1166.5548,732.102,Class2
cell_427,785.5548,908.40924,Class0
cell_428,1008.2347,885.162,Class0
cell_429,999.30286,1016.95624,Class0
cell_43,1062.055,792.98035,Class2
cell_430,1036.9478,1098.0356,Class0
cell_431,987.81445,788.0639,Class0
cell_432,965.5404,895.4966,Class0
cell_433,1211.5968,740.2252,Class2
cell_434,1231.3744,691.2836,Class2
cell_435,1135.3152,691.9557,Class4
cell_436,1039.108,823.90546,Class0
cell_437,1105.2155,703.4052,Class4
cell_439,1059.3586,899.3843,Class0
cell_44,1082.5565,754.0312,Class5
cell_440,885.3981,952.2676,Class0
cell_441,1822.7539,1066.8445,Class1
cell_442,1147.6129,918.7091,Class2
cell_443,1019.93616,1058.289,Class0
cell_444,976.4057,771.96875,Class0
cell_445,767.51874,1050.0898,Class0
cell_446,1107.2246,733.4157,Class4
cell_447,774.32495,690.87006,Class8
cell_448,926.4345,877.5943,Class0
cell_45,1048.0516,1034.6946,Class0
cell_450,988.3151,984.5566,Class0
cell_451,942.18933,895.63654,Class0
cell_452,1030.006,835.2768,Class0
cell_453,970.115,995.46625,Class0
cell_454,1828.6301,1069.7689,Class1
cell_455,1067.5236,979.9815,Class0
cell_456,832.5224,1056.307,Class0
cell_457,879.4262,880.8977,Class0
cell_458,1133.2817,987.44507,Class2
cell_459,1033.6464,1022.77844,Class0
cell_46,1824.3367,1103.2963,Class1
cell_460,1855.3486,1091.0454,Class1
cell_461,846.5452,944.0777,Class0
cell_462,780.1666,965.3634,Class0
cell_463,870.89166,1063.1943,Class0
cell_464,976.8782,956.5464,Class0
cell_465,1851.6235,1081.8821,Class1
cell_466,1079.0112,1008.02344,Class0
cell_467,1223.0371,822.00165,Class2
cell_468,1197.7041,784.8306,Class3
cell_469,964.0466,899.2184,Class0
cell_47,911.77747,926.85956,Class0
cell_470,1045.2003,817.26056,Class0
cell_471,1844.5793,1103.6102,Class1
cell_472,1767.1625,389.10352,Class13
cell_473,937.8564,1006.2479,Class0
cell_474,1030.3706,974.44885,Class0
cell_475,1167.8395,730.1,Class2
cell_476,1269.4822,875.1965,Class3
cell_477,953.9357,858.98315,Class0
cell_478,1857.0366,1104.6879,Class1
cell_479,1063.0077,1076.9369,Class0
cell_48,1046.4999,937.458,Class0
cell_480,1136.9579,820.4029,Class5
cell_481,984.3028,976.9716,Class0
cell_482,1758.4663,396.221,Class13
cell_483,1105.4851,920.7569,Class2
cell_485,900.58984,847.0054,Class0
cell_486,1032.5813,988.9896,Class0
cell_487,1076.6974,990.5363,Class0
cell_488,1201.6808,833.58057,Class2
cell_489,880.16846,1116.2218,Class0
cell_49,1203.7949,777.2497,Class3
cell_490,977.9885,864.79816,Class0
cell_493,1142.3293,980.7027,Class2
cell_494,1067.2424,974.3749,Class0
cell_495,1048.0074,942.4381,Class0
cell_496,1221.5759,885.3383,Class2
cell_497,939.0705,1044.0642,Class0
cell_498,1001.781,918.0391,Class0
cell_499,939.30426,1108.2627,Class0
cell_5,1061.3667,902.36633,Class0
cell_50,1029.5138,954.6456,Class0
cell_500,1137.3837,696.5205,Class4
cell_501,986.0079,1098.9484,Class0
cell_502,976.7354,857.7944,Class0
cell_503,911.52203,957.2391,Class0
cell_504,1856.3873,1107.4539,Class1
cell_505,903.30084,1027.248,Class0
cell_506,783.9487,1011.1893,Class0
cell_507,828.153,1021.22076,Class0
cell_508,928.7054,933.4428,Class0
cell_509,896.9859,979.598,Class0
cell_51,1834.1824,1079.4181,Class1
cell_510,1322.6046,933.0697,Class3
cell_511,1856.0337,1099.483,Class1
cell_512,968.17084,1027.0344,Class0
cell_513,906.881,1013.56146,Class0
cell_514,966.5361,558.767,Class6
cell_515,919.64996,984.7078,Class0
cell_516,978.40546,844.58484,Class0
cell_517,919.20624,914.4735,Class0
cell_518,872.7821,1039.9647,Class0
cell_519,1021.04395,1078.6847,Class0
cell_52,1019.7421,1003.5631,Class0
cell_520,1132.2996,882.83844,Class2
cell_521,972.5394,977.6723,Class0
cell_522,1756.5565,398.08798,Class13
cell_523,1306.0863,906.1825,Class3
cell_524,938.1238,812.82446,Class0
cell_525,1759.8263,398.5187,Class13
cell_526,977.77167,1052.7136,Class0
cell_527,961.37933,976.5774,Class0
cell_528,1848.9332,1091.2668,Class1
cell_529,993.0228,999.82825,Class0
cell_53,955.01135,992.7178,Class0
cell_530,971.1336,768.592,Class2
cell_531,912.9281,803.24316,Class2
cell_532,1047.2288,1089.5602,Class0
cell_533,1090.6056,657.9936,Class2
cell_534,1151.7452,583.13434,Class4
cell_535,1221.9741,797.6925,Class3
cell_536,943.7089,1073.4386,Class0
cell_538,1040.3807,849.28424,Class0
cell_539,1042.5907,884.8896,Class0
cell_54,770.6616,1054.8174,Class0
cell_540,1289.629,865.30664,Class3
cell_541,1831.5945,1125.1555,Class1
cell_542,928.2825,1080.7191,Class0
cell_543,835.0622,953.65326,Class0
cell_544,939.6625,982.04144,Class0
cell_546,991.66327,929.5692,Class0
cell_547,1273.3584,742.5318,Class3
cell_548,1126.6982,1684.7378,Class7
cell_551,927.40326,1084.021,Class0
cell_552,982.0702,877.6924,Class0
cell_554,1216.1995,699.5572,Class2
cell_555,1002.71387,1109.9677,Class0
cell_557,799.5358,1007.6415,Class0
cell_558,1847.781,1117.0399,Class1
cell_559,1143.1138,852.3402,Class2
cell_56,1117.1456,884.72003,Class2
cell_560,818.6327,947.1113,Class0
cell_561,969.6648,1123.1016,Class0
cell_562,940.9605,865.3947,Class0
cell_563,939.79596,932.17676,Class0
cell_564,924.62805,462.12067,Class6
cell_565,801.66833,990.54224,Class0
cell_566,957.98627,1075.7622,Class0
cell_567,1106.4415,679.7099,Class2
cell_568,841.3289,1010.14087,Class0
cell_569,1844.5503,1104.9005,Class1
cell_57,929.0339,997.53503,Class0
cell_570,890.39545,1057.6666,Class0
cell_571,1846.0874,1094.6184,Class1
cell_572,866.9183,1060.1414,Class0
cell_573,1022.582,905.98755,Class0
cell_575,1114.667,909.77106,Class2
cell_576,937.38776,945.79144,Class0
cell_577,796.84357,961.92334,Class0
cell_578,779.8779,687.0212,Class8
cell_579,363.18323,783.5241,Class10
cell_58,1034.3619,995.1379,Class0
cell_580,623.1962,1159.1833,Class12
cell_581,986.1708,927.74994,Class0
cell_582,811.6913,1042.4087,Class0
cell_583,1124.3541,948.65735,Class2
cell_584,1209.6929,606.55444,Class4
cell_585,738.00366,803.2837,Class8
cell_586,1845.1,1103.6936,Class1
cell_587,952.3422,791.3301,Class2
cell_589,1018.0515,858.27234,Class0
cell_590,728.9164,807.4724,Class8
cell_591,1805.6888,1098.625,Class1
cell_592,882.79626,1021.15717,Class0
cell_593,850.40247,978.0967,Class0
cell_594,1839.4443,1083.8885,Class1
cell_595,1840.7185,1113.7751,Class1
cell_597,863.8139,1080.5897,Class0
cell_598,953.51794,997.8962,Class0
cell_599,967.7232,1035.09,Class0
cell_6,968.4579,952.859,Class0
cell_60,1845.3674,1111.0192,Class1
cell_600,1038.8309,829.9795,Class0
cell_601,1859.1085,1107.2382,Class1
cell_602,963.3913,811.1182,Class0
cell_603,1191.4052,835.2898,Class2
cell_604,1083.8232,875.51324,Class0
cell_605,913.0537,1084.6135,Class0
cell_606,1848.0262,1108.111,Class1
cell_607,978.7874,888.533,Class0
cell_608,812.2984,977.2296,Class0
cell_610,835.0939,1034.9158,Class0
cell_612,871.1199,1080.0875,Class0
cell_613,795.4431,900.6506,Class0
cell_614,945.943,907.4192,Class0
cell_616,1447.0217,779.6498,Class3
cell_617,1809.4299,1102.2866,Class1
cell_618,937.1236,939.33966,Class0
cell_619,892.1422,963.4218,Class0
cell_62,1164.8658,526.4439,Class4
cell_620,950.7377,965.56226,Class0
cell_621,872.2556,1040.5973,Class0
cell_622,1244.0602,746.8895,Class3
cell_623,1217.0646,967.6722,Class2
cell_624,1839.5203,1117.1794,Class1
cell_625,1845.3701,1117.8912,Class1
cell_626,1149.6934,418.72763,Class9
cell_627,927.3281,960.56195,Class0
cell_628,975.96826,857.8274,Class0
cell_629,1159.0099,398.4149,Class9
cell_63,875.1209,956.1476,Class0
cell_631,1074.1533,872.58386,Class0
cell_632,972.6339,1013.7265,Class0
cell_633,1453.8835,785.30194,Class3
cell_634,825.48254,936.5419,Class0
cell_635,781.1397,684.0639,Class8
cell_636,1044.7941,878.8193,Class2
cell_637,907.67163,889.36957,Class0
cell_638,1290.6915,814.4041,Class3
cell_639,968.68494,903.96014,Class0
cell_64,1133.0354,1668.0736,Class7
cell_640,994.51447,712.96606,Class2
cell_641,1832.909,1121.9799,Class1
cell_642,896.8455,852.16046,Class0
cell_643,975.84155,1044.8099,Class0
cell_645,1832.6056,1133.146,Class1
cell_646,921.5329,890.5741,Class0
cell_647,916.9319,490.3214,Class6
cell_648,851.9347,1034.6539,Class0
cell_649,877.02057,1077.7188,Class0
cell_65,1130.1864,654.1468,Class9
cell_650,1808.1995,1121.887,Class1
cell_651,841.2079,1074.5815,Class0
cell_652,1837.1864,1091.285,Class1
cell_653,858.06415,886.4821,Class0
cell_654,1836.8022,1133.6174,Class1
cell_655,986.9303,876.4898,Class0
cell_656,1057.1584,923.66364,Class2
cell_657,1122.1743,867.5758,Class2
cell_658,1759.5371,390.6096,Class13
cell_66,1153.7057,400.87405,Class9
cell_660,904.8462,985.1067,Class0
cell_661,961.9174,881.53705,Class0
cell_662,1123.4396,900.7994,Class2
cell_663,841.0887,963.79565,Class0
cell_664,1116.5073,689.4167,Class4
cell_665,820.475,1001.5317,Class0
cell_666,1829.6335,1086.7186,Class1
cell_667,767.4745,679.3516,Class8
cell_668,1014.2754,816.5141,Class0
cell_67,1013.0531,1004.19824,Class0
cell_670,1016.99524,1060.0094,Class0
cell_671,885.8112,1052.7045,Class0
cell_672,907.214,766.49713,Class2
cell_673,1847.4545,1119.9396,Class1
cell_674,1078.5349,962.3842,Class0
cell_675,1177.317,738.31805,Class3
cell_676,950.5644,883.2553,Class0
cell_677,859.9204,1024.7324,Class0
cell_678,727.62537,808.3876,Class8
cell_679,847.2692,1024.6842,Class0
cell_68,915.584,936.0736,Class0
cell_680,1263.4009,903.1606,Class3
cell_681,1090.7908,1101.5333,Class2
cell_682,1015.0943,886.17175,Class0
cell_683,1837.5759,1090.6183,Class1
cell_684,1149.6768,870.8839,Class2
cell_685,1150.7684,884.11884,Class2
cell_686,617.7413,1151.1017,Class12
cell_687,1212.3425,961.6535,Class2
cell_688,933.0371,877.38745,Class0
cell_689,1207.3838,646.0251,Class4
cell_69,1351.3567,967.3402,Class3
cell_690,982.2761,1072.7257,Class0
cell_691,1854.1908,1095.7762,Class1
cell_692,1143.965,677.0376,Class4
cell_694,935.2263,964.2542,Class0
cell_695,944.44867,820.1155,Class2
cell_696,826.73456,971.67,Class0
cell_697,1120.9447,882.2203,Class2
cell_698,1180.1672,944.40106,Class2
cell_699,363.07745,776.7566,Class10
cell_7,1254.2284,758.75836,Class3
cell_700,1151.781,518.815,Class4
cell_703,1201.8867,772.2289,Class3
cell_704,1156.035,936.8281,Class2
cell_705,1837.0155,1107.5228,Class1
cell_706,1833.4683,1124.8794,Class1
cell_707,1008.012,891.0494,Class0
cell_708,1150.1978,536.9382,Class4
cell_709,1135.4469,783.6644,Class5
cell_71,1043.8026,919.37866,Class2
cell_710,854.55334,1086.9081,Class0
cell_711,1068.8801,846.9742,Class0
cell_712,954.6717,976.0386,Class0
cell_713,968.13165,927.4705,Class0
cell_714,1092.3247,1006.46704,Class0
cell_715,1085.6522,763.2798,Class4
cell_716,972.0049,742.6393,Class2
cell_717,908.41486,491.29144,Class6
cell_718,359.19037,775.0623,Class10
cell_719,777.90027,900.71375,Class0
cell_72,1102.7424,896.36896,Class2
cell_720,1824.1963,1112.0746,Class1
cell_721,985.2188,789.7268,Class2
cell_722,934.3335,431.44632,Class6
cell_723,1835.6296,1115.1484,Class1
cell_724,845.58484,1044.1914,Class0
cell_725,852.42865,976.7773,Class0
cell_726,1046.1111,834.6624,Class0
cell_727,1847.5353,1106.6915,Class1
cell_728,1127.9229,558.0672,Class4
cell_729,1026.1465,997.6412,Class0
cell_73,944.5416,946.97296,Class0
cell_730,1825.988,1071.6196,Class1
cell_732,1847.2853,1110.5093,Class1
cell_733,1012.1801,880.0518,Class0
cell_734,1818.8606,1128.9663,Class1
cell_735,1162.175,399.8426,Class9
cell_736,1061.5846,673.36676,Class2
cell_737,968.50195,1009.1644,Class0
cell_738,1441.0037,791.456,Class3
cell_739,1282.5643,898.8405,Class3
cell_74,935.23663,944.3936,Class0
cell_740,870.25354,1002.25665,Class0
cell_741,931.03125,512.82227,Class6
cell_742,937.7538,964.7224,Class0
cell_743,1171.3848,823.27783,Class2
cell_744,1822.9937,1096.1527,Class1
cell_745,1150.578,536.7691,Class4
cell_747,1077.8176,854.36096,Class2
cell_748,1071.9181,976.1754,Class0
cell_749,844.73456,992.2343,Class0
cell_750,909.6975,1009.27594,Class0
cell_751,1811.2133,1093.8654,Class1
cell_752,913.1366,492.5839,Class6
cell_753,1818.2678,1126.4296,Class1
cell_754,734.5276,812.4086,Class8
cell_755,1758.7643,387.7634,Class13
cell_756,1411.7874,345.10907,Class14
cell_757,1115.2683,808.71265,Class5
cell_758,1126.8741,1692.5148,Class7
cell_759,1833.214,1091.3219,Class1
cell_76,1815.3124,1125.8326,Class1
cell_760,976.81854,925.03625,Class0
cell_761,1189.1869,912.2157,Class2
cell_762,774.8088,684.727,Class8
cell_763,1855.9517,1102.9918,Class1
cell_765,936.14557,1098.5795,Class0
cell_766,1831.9866,1129.0833,Class1
cell_767,972.1515,722.1168,Class2
cell_768,952.7128,1065.3833,Class0
cell_77,1348.1744,964.4609,Class3
cell_770,1818.6757,1123.6077,Class1
cell_771,1496.835,536.12445,Class15
cell_772,1027.828,831.68945,Class0
cell_774,1250.3807,589.5668,Class4
cell_775,967.70355,982.13293,Class0
cell_776,871.0424,799.92773,Class2
cell_777,1842.8782,1109.1791,Class1
cell_778,1822.9939,1114.9242,Class1
cell_779,877.3153,1005.4006,Class0
cell_78,1017.5774,1047.4478,Class0
cell_780,1818.0271,1104.7964,Class1
cell_781,1263.2728,872.37244,Class3
cell_782,1087.0,751.09766,Class5
cell_783,1081.6206,811.2118,Class2
cell_785,1035.4,953.48865,Class0
cell_786,1831.6613,1120.76,Class1
cell_787,735.4067,811.631,Class8
cell_788,890.975,1021.3404,Class0
cell_789,1822.5969,1123.634,Class1
cell_79,928.61646,976.2668,Class0
cell_790,1833.4083,1118.9462,Class1
cell_791,1826.635,1097.5322,Class1
cell_792,966.39136,1114.491,Class0
cell_793,1006.5403,1013.4448,Class0
cell_794,1365.6501,791.4049,Class3
cell_795,857.97595,1078.5524,Class0
cell_796,976.5968,748.9459,Class2
cell_797,1835.2755,1114.396,Class1
cell_798,1834.3534,1115.304,Class1
cell_799,880.444,942.2201,Class0
cell_80,1010.99615,885.27185,Class2
cell_800,778.039,919.3507,Class0
cell_801,762.08044,728.44916,Class8
cell_803,994.33374,710.86237,Class2
cell_804,1065.8662,864.4019,Class2
cell_805,1823.8414,1096.9963,Class1
cell_806,1110.4722,620.9757,Class4
cell_807,990.2157,905.7468,Class0
cell_808,1390.0144,790.21014,Class3
cell_809,1829.52,1134.3099,Class1
cell_81,757.3763,745.21704,Class8
cell_810,1190.647,808.03296,Class2
cell_811,1239.3812,810.701,Class3
cell_812,786.8811,916.75433,Class0
cell_813,722.24286,816.31067,Class8
cell_814,1256.2434,784.6059,Class3
cell_815,1139.4564,1685.1864,Class7
cell_816,1827.2023,1118.7982,Class1
cell_817,1838.5017,1084.2072,Class1
cell_818,1203.9523,709.5562,Class2
cell_819,1121.8876,1671.911,Class7
cell_82,1009.9292,1092.9254,Class0
cell_820,1850.376,1123.087,Class1
cell_821,1838.2435,1132.0785,Class1
cell_823,1206.8318,964.887,Class2
cell_824,1111.7578,666.0119,Class2
cell_825,1266.5792,857.14874,Class3
cell_826,994.42834,863.70184,Class0
cell_827,1832.6456,1127.0204,Class1
cell_828,769.7672,679.96356,Class8
cell_83,940.93713,1072.0388,Class0
cell_830,1252.7258,586.8418,Class4
cell_831,1087.5479,1023.0313,Class2
cell_832,901.42926,927.7156,Class0
cell_833,1075.9824,786.456,Class5
cell_834,806.6444,901.54474,Class0
cell_835,1420.8136,348.2126,Class14
cell_836,1010.5443,846.56165,Class0
cell_837,355.4335,775.89087,Class10
cell_838,1796.6885,1114.327,Class1
cell_839,910.33734,1052.3485,Class0
cell_84,982.2162,934.82294,Class0
cell_840,1819.2847,1134.0162,Class1
cell_841,980.2892,1034.7494,Class0
cell_842,1821.5404,1132.503,Class1
cell_844,882.41223,765.1924,Class2
cell_845,1077.8052,795.09705,Class5
cell_846,1013.6201,966.8179,Class0
cell_848,1247.0936,822.7459,Class3
cell_849,958.792,967.64984,Class0
cell_85,850.36365,993.8366,Class0
cell_850,1007.5056,959.08,Class0
cell_851,899.4566,497.228,Class6
cell_852,1113.6329,567.39514,Class4
cell_853,965.29877,710.88165,Class2
cell_854,1837.5668,1128.12,Class1
cell_855,942.0736,1019.39343,Class0
cell_856,1258.6606,119.45677,Class11
cell_857,1196.8247,782.4536,Class3
cell_858,1172.8408,876.0349,Class2
cell_859,1812.5542,1129.047,Class1
cell_860,783.6592,920.1453,Class0
cell_861,1817.2439,1119.0756,Class1
cell_862,812.0409,777.09784,Class9
cell_863,1220.1157,640.1789,Class4
cell_864,1301.9987,908.0794,Class3
cell_865,1247.6763,865.2319,Class3
cell_866,969.87866,1001.6546,Class0
cell_867,1852.5254,1107.9144,Class1
cell_868,1825.0038,1129.5448,Class1
cell_869,1808.1196,1102.4469,Class1
cell_87,836.95123,874.713,Class0
cell_870,1133.9475,1686.3346,Class7
cell_871,1816.008,1130.519,Class1
cell_872,977.47266,992.268,Class0
cell_873,1803.9751,1130.8993,Class1
cell_874,1187.7852,914.271,Class2
cell_875,1830.8838,1120.0852,Class1
cell_876,1008.30725,837.08875,Class0
cell_877,758.80676,978.1243,Class0
cell_878,789.14,937.5993,Class0
cell_879,918.1437,834.75323,Class0
cell_88,1194.4724,629.3489,Class4
cell_880,963.7897,920.0239,Class0
cell_881,1257.518,751.1507,Class3
cell_882,898.22577,865.63184,Class0
cell_883,1120.289,1694.6688,Class7
cell_884,1829.8203,1114.4501,Class1
cell_885,1152.8024,873.9149,Class2
cell_886,1816.6345,1113.7202,Class1
cell_887,1765.1375,400.4502,Class13
cell_888,969.0933,718.0524,Class2
cell_889,1410.2377,344.51047,Class14
cell_89,1162.45,497.18723,Class4
cell_890,1802.0885,1106.9094,Class1
cell_891,896.3938,888.33105,Class0
cell_892,969.38544,776.1389,Class2
cell_893,1265.299,116.53652,Class11
cell_894,1192.4188,636.2319,Class4
cell_895,1826.6869,1121.808,Class1
cell_896,950.94794,811.9656,Class0
cell_897,1831.863,1105.2441,Class1
cell_899,1332.8312,951.25494,Class3
cell_9,844.8473,1052.8307,Class0
cell_90,1487.6284,545.29016,Class15
cell_900,818.1312,1020.972,Class0
cell_901,1054.6012,986.753,Class0
cell_903,1035.3777,1033.6398,Class0
cell_904,1793.9171,1111.9678,Class1
cell_905,1118.0181,1682.4205,Class7
cell_906,1016.9632,992.11224,Class0
cell_908,1073.9049,965.7689,Class0
cell_909,1817.5587,1109.6653,Class1
cell_91,1114.0776,669.3064,Class2
cell_910,876.5449,827.014,Class2
cell_911,364.1064,752.1701,Class10
cell_912,1826.2947,1111.7279,Class1
cell_913,1769.3997,395.31918,Class13
cell_914,1815.6975,1122.6372,Class1
cell_915,1054.4746,786.04297,Class2
cell_916,1833.025,1133.66,Class1
cell_917,985.2063,1023.3107,Class0
cell_918,1212.1165,820.7842,Class3
cell_919,1288.75,870.72723,Class3
cell_92,1088.8679,895.751,Class0
cell_920,872.9952,934.5376,Class0
cell_921,908.53766,489.58047,Class6
cell_922,1174.7922,875.99554,Class2
cell_923,782.6237,694.347,Class8
cell_924,1210.8877,799.65533,Class2
cell_925,994.6235,777.306,Class2
cell_926,1822.4585,1111.2847,Class1
cell_927,1158.6667,523.2517,Class4
cell_928,1222.9662,892.8799,Class2
cell_929,974.44525,1067.0065,Class0
cell_93,949.08466,1004.3495,Class0
cell_930,1208.6022,857.3269,Class2
cell_931,1259.6285,588.2865,Class4
cell_932,349.3382,774.9238,Class10
cell_933,1815.1357,1100.4009,Class1
cell_934,735.3926,795.1633,Class8
cell_935,1034.0663,1005.3712,Class0
cell_936,1025.5825,806.6571,Class2
cell_938,750.3577,836.41223,Class8
cell_939,1163.7462,524.7082,Class4
cell_94,1237.5914,830.96344,Class2
cell_940,1228.6014,846.47046,Class3
cell_941,1035.658,1092.3053,Class0
cell_942,1126.1263,780.1082,Class5
cell_943,897.1744,971.25604,Class0
cell_944,1250.358,685.69794,Class2
cell_945,1258.702,113.534164,Class11
cell_946,1286.1715,851.32544,Class3
cell_947,776.65137,687.0289,Class8
cell_948,1827.0878,1103.2312,Class1
cell_949,1494.4841,538.31537,Class15
cell_95,941.82214,1053.4579,Class0
cell_950,1151.5995,429.7199,Class9
cell_951,1411.8252,350.43936,Class14
cell_952,1223.4375,691.4831,Class2
cell_953,1806.387,1104.4406,Class1
cell_954,1812.4739,1118.2074,Class1
cell_955,1806.0745,1123.6788,Class1
cell_956,351.62225,767.7062,Class10
cell_957,1048.7953,878.37317,Class0
cell_958,1150.4763,862.215,Class2
cell_959,1022.5349,711.4212,Class2
cell_96,1086.0056,1000.5247,Class0
cell_960,1244.8225,598.7814,Class4
cell_961,1220.1836,717.24713,Class2
cell_962,1299.3871,904.1402,Class3
cell_963,1810.9368,1123.7697,Class1
cell_964,354.7265,771.75226,Class10
cell_965,911.1584,493.55093,Class6
cell_966,1799.5232,1108.2327,Class1
cell_967,992.33093,707.06226,Class2
cell_968,1401.2875,789.3822,Class3
cell_969,1160.213,531.99396,Class4
cell_97,1069.7423,919.7747,Class2
cell_970,1150.8853,707.14734,Class4
cell_971,772.7131,682.4329,Class8
cell_972,1029.4541,731.4782,Class2
cell_973,1108.6981,757.95667,Class5
cell_974,1824.5873,1069.9178,Class1
cell_975,957.609,964.37256,Class0
cell_976,948.7678,834.3484,Class0
cell_977,1154.3499,397.79886,Class9
cell_978,1332.4177,805.12494,Class3
cell_979,1812.2877,1115.7241,Class1
cell_98,1199.2122,783.4947,Class3
cell_981,1018.14557,948.1045,Class0
cell_982,1326.5471,950.97687,Class3
cell_983,1078.8193,792.74554,Class5
cell_984,856.18774,956.1815,Class0
cell_985,1809.1772,1121.1218,Class1
cell_986,1422.1346,352.9258,Class14
cell_987,915.32336,491.76645,Class6
cell_988,1028.43,872.25916,Class0
cell_989,1009.00555,752.6093,Class2
cell_99,357.7155,770.2723,Class10
cell_990,930.5464,835.43195,Class0
cell_991,1837.7369,1104.1353,Class1
cell_992,1810.2633,1133.9458,Class1
cell_995,1216.1698,810.18884,Class2
cell_996,1151.8026,868.8375,Class2
cell_997,1183.6538,872.53436,Class2
cell_999,1114.5908,819.1437,Class5
extracellular,966.13666,943.81726,Class0
